pessoaid,nome,rg,cpf,sexo,nascimento,inclusao,nacionalidade,cep,rua,bairro,cidade,estado,numero,complemento,telefone,celular,email
1,Demetrius Mulkerrins,91525699-9,377702302-28,M,12/08/1910,21/01/2500,Azeri,61778-002,Commercial,Way,Macaíba,,7649,Ergonomic zero tolerance framework,52-0370-3329,54-13342-7732,dmulkerrins0@istockphoto.com
2,Shara Lamplough,10284952-4,851770813-08,F,26/03/2255,20/09/2281,Northern Sotho,24415-168,Helena,Crossing,Tibro,O,7,Organic secondary structure,49-4322-0978,92-28236-3671,slamplough1@pagesperso-orange.fr
3,Daron Barzen,34459687-6,611700288-45,M,25/08/2841,30/01/2570,Kyrgyz,73122-784,Packers,Avenue,Yongle,,666,Monitored motivating artificial intelligence,54-5474-3819,01-66982-6684,dbarzen2@oracle.com
4,Pooh Aukland,79422391-7,162032270-12,F,05/10/2540,17/06/2723,Georgian,30997-924,Green,Place,Isniq,,42571,Ergonomic mission-critical system engine,51-5966-3739,52-63035-6771,paukland3@deliciousdays.com
5,Shelia Gumme,28025073-2,465151321-91,F,21/02/2565,03/03/2688,Haitian Creole,10798-760,Meadow Vale,Place,Kharlu,,53646,Upgradable clear-thinking function,45-9719-3870,78-39744-6615,sgumme4@moonfruit.com
6,Ermina Pethybridge,45221590-0,441461177-88,F,17/07/2772,01/07/1985,Belarusian,30195-614,Schlimgen,Road,Lethbridge,AB,28,Multi-tiered motivating service-desk,18-5486-7186,90-23629-1572,epethybridge5@imageshack.us
7,Cloe Franceschi,46321134-0,924327708-00,F,17/10/2135,27/07/2904,New Zealand Sign Language,80794-950,Cardinal,Plaza,Panyindangan,,679,Reduced next generation capacity,93-0427-9103,12-54951-5355,cfranceschi6@buzzfeed.com
8,Nathanael McCallion,47203183-9,032878938-44,M,26/09/1914,17/03/2284,Hiri Motu,72880-894,Prairieview,Hill,Xinan,,2199,Reactive contextually-based artificial intelligence,54-3660-7221,95-85333-2190,nmccallion7@e-recht24.de
9,Michael Rosengart,08759515-8,351302258-59,M,23/03/2386,24/01/2079,Hindi,87204-463,Eliot,Circle,Somdet,,693,Sharable maximized methodology,61-9970-5418,25-34877-9699,mrosengart8@princeton.edu
10,Gunter Jouannin,84828358-5,995280073-54,M,22/03/2641,11/11/2580,Danish,67615-240,Scoville,Junction,Jangkat,,3692,De-engineered optimal access,08-9869-1810,09-09920-4831,gjouannin9@wunderground.com
11,Bryon Gooley,78326990-4,112643803-03,M,02/12/2349,05/06/2961,Japanese,06555-092,Northport,Trail,Sortavala,,38,Multi-lateral modular strategy,59-9764-8762,28-19727-5151,bgooleya@geocities.jp
12,Betta Annets,61949606-4,184263517-27,F,12/03/2367,11/08/2826,Nepali,50609-246,Bartillon,Alley,Candelária,46,6166,Horizontal 3rd generation system engine,95-3351-6271,73-22767-7125,bannetsb@unesco.org
13,Carce Bargh,55369356-6,506815334-02,M,09/03/2378,22/12/2073,Bislama,23539-035,Texas,Hill,Estevan,SK,24,Fully-configurable neutral toolset,78-7421-6566,71-59613-9084,cbarghc@house.gov
14,Valentijn Tulloch,58709861-6,507888003-41,M,01/11/2926,22/11/2385,Filipino,07351-383,Rieder,Street,Xiaosong,,1844,Grass-roots zero tolerance contingency,47-6962-5074,77-21792-0954,vtullochd@theglobeandmail.com
15,Donnell Jeanes,64146309-3,815364163-65,M,03/07/2422,01/05/2505,Azeri,88298-223,Judy,Court,Tangkil,,5,Business-focused zero tolerance budgetary management,58-7726-4305,38-93361-1279,djeanese@google.nl
16,Amandi Retchford,44759407-1,583326254-88,F,30/10/2433,14/01/2301,German,07244-540,Coleman,Junction,Sidi Yahia el Gharb,,87754,Public-key upward-trending firmware,02-5928-4535,41-22980-8795,aretchfordf@constantcontact.com
17,Ashbey Matiebe,87853144-7,379999525-28,M,08/12/2778,07/01/2998,Thai,51688-017,Schlimgen,Terrace,Karangwaru,,46,Universal content-based productivity,45-4938-7396,79-77555-7791,amatiebeg@apache.org
18,Dayna Siveter,77916594-3,679308468-94,F,26/03/2472,25/06/2144,Maltese,21759-187,Fairview,Avenue,Texíguat,,7,Customizable next generation capability,03-1032-5513,36-57238-7431,dsiveterh@accuweather.com
19,Annemarie Keesman,89925709-9,526328322-17,F,02/10/1907,19/06/2294,Filipino,98796-134,Fieldstone,Hill,Chaoyang,,60,Extended radical array,62-0073-4057,63-77115-9819,akeesmani@microsoft.com
20,Lem Mitchely,87250256-0,956591407-76,M,15/01/2544,09/09/2873,Guaraní,51144-156,Petterle,Terrace,Chengqu,,64,Realigned composite benchmark,79-0837-0687,98-74498-5007,lmitchelyj@ocn.ne.jp
21,Ianthe Addenbrooke,93645544-1,932005937-79,F,24/04/1933,20/02/2471,Kashmiri,79104-140,East,Alley,Smederevska Palanka,,356,Advanced solution-oriented database,69-4024-3063,54-84629-0299,iaddenbrookek@squarespace.com
22,Maxi McCorry,38079060-5,204522334-92,F,16/11/2733,11/05/2197,Dari,37541-709,High Crossing,Circle,Banjar Kajanan,,8569,Decentralized encompassing open system,15-8595-8787,36-43864-8615,mmccorryl@cyberchimps.com
23,Heidie Kear,70495935-8,613574367-45,F,07/02/2515,16/12/2288,Latvian,61210-381,Jenifer,Road,Pines,,564,Digitized intangible capacity,70-8878-8069,72-62483-3413,hkearm@printfriendly.com
24,Westbrook Weeden,30038779-6,737224693-28,M,20/10/2640,22/02/2639,Bulgarian,09034-336,Stang,Hill,Samajie Ewenkeminzu,,6697,Progressive systematic process improvement,12-9501-3110,28-26310-3586,wweedenn@narod.ru
25,Kerwinn Twigg,86143793-9,560005065-38,M,12/04/1923,02/12/2679,Swahili,44778-069,Mccormick,Crossing,San Vicente,,08,Implemented demand-driven capacity,31-1659-8903,05-24998-0100,ktwiggo@springer.com
26,Cecilia Cosham,10369386-5,183278137-70,F,16/05/2111,24/11/2721,Gagauz,39578-995,Red Cloud,Center,Cipancur,,65,Down-sized executive attitude,77-5033-1716,10-37790-5707,ccoshamp@netscape.com
27,Holmes Johnston,65300965-1,809090850-01,M,10/11/1969,04/02/2966,Fijian,34236-848,Karstens,Court,Saramech,,87,Innovative empowering customer loyalty,65-1827-4411,33-15427-2874,hjohnstonq@t.co
28,Melvyn Rosenboim,28516966-5,218901733-45,M,18/11/2731,05/06/2045,Telugu,88670-258,Talmadge,Avenue,Priboj,,3977,De-engineered empowering software,00-4811-7801,49-12967-2772,mrosenboimr@quantcast.com
29,Lynnea Schwier,06388005-7,442945301-07,F,22/03/2185,09/12/2403,Punjabi,06221-705,Vahlen,Park,Casal da Serra,11,40,Cross-platform didactic functionalities,23-5834-0604,61-68797-3202,lschwiers@google.es
30,Cody Donovin,58440200-6,168167329-14,M,03/10/2217,13/10/2588,Māori,72799-183,Russell,Point,Carpina,,69,Function-based empowering help-desk,62-2780-7857,55-25593-9101,cdonovint@fema.gov
31,Kate Fessions,46776585-3,871044431-25,F,25/08/1929,06/03/2717,Burmese,22369-829,Little Fleur,Drive,Hamburg Winterhude,HH,331,Inverse well-modulated process improvement,95-6067-8180,10-47207-0894,kfessionsu@disqus.com
32,Jase Yeiles,50720442-1,997613616-83,M,12/09/1907,04/06/2875,Dutch,32984-349,Eastlawn,Road,Lopez Jaena,,7,Reduced bottom-line functionalities,97-4563-0913,29-08893-2554,jyeilesv@irs.gov
33,Rodd Tonge,38222893-7,151582698-07,M,28/12/2736,11/07/2367,Bengali,00348-304,Novick,Road,Rybnik,,718,Reverse-engineered object-oriented open system,62-3251-1741,45-33975-7978,rtongew@oaic.gov.au
34,Betteann Creeghan,11643289-0,581525370-92,F,14/12/2036,17/07/2421,Georgian,99100-658,Fulton,Lane,Karakulino,,405,Re-engineered modular product,45-6352-1132,61-73068-8303,bcreeghanx@tiny.cc
35,Doyle Queyeiro,85585295-5,878252940-60,M,21/09/2703,12/10/2109,Telugu,84761-612,Cottonwood,Trail,Yangzhen,,42324,Configurable heuristic data-warehouse,67-2711-0057,48-88996-3615,dqueyeiroy@icq.com
36,Arabelle Gioan,66456121-3,719774111-81,F,11/12/2446,27/07/2204,Azeri,80377-953,Hudson,Parkway,Kuching,SRW,083,Right-sized asynchronous customer loyalty,86-3900-6189,26-79926-8874,agioanz@ycombinator.com
37,Anton Jewess,74587354-4,885508088-35,M,04/06/2218,29/03/2248,Tsonga,89119-378,Sauthoff,Alley,Gaohe,,2085,Multi-layered zero tolerance success,23-7732-3141,15-65650-5894,ajewess10@theguardian.com
38,Bartie Mallinson,92426146-4,675537264-95,M,05/01/2142,21/03/2900,Irish Gaelic,30736-787,Loftsgordon,Center,Sapat,,98,Business-focused directional workforce,41-1432-0421,25-06437-2268,bmallinson11@ft.com
39,Meris Craythorn,45563948-9,555779412-77,F,28/11/2817,07/10/2248,Greek,06627-826,Hoard,Road,Bené Beraq,,66722,Implemented demand-driven challenge,91-9210-2434,39-66552-1626,mcraythorn12@census.gov
40,Sheffield Stood,17078431-6,518446060-32,M,26/09/1954,05/11/2094,Georgian,17873-266,Cordelia,Hill,Qingkenpao,,97733,Cross-platform contextually-based function,14-7999-1586,51-53041-7487,sstood13@shinystat.com
41,Dierdre Boichat,02091089-8,967780449-08,F,01/07/2809,06/08/2858,Finnish,13101-667,Barnett,Terrace,São Domingos de Rana,11,80,Monitored needs-based projection,29-4455-4675,92-25512-8943,dboichat14@biglobe.ne.jp
42,Willdon Galpen,48780090-8,381185250-91,M,16/08/2371,05/02/2249,Haitian Creole,19359-222,Iowa,Way,Klippan,M,013,Diverse real-time definition,56-0379-0740,80-04315-5137,wgalpen15@elpais.com
43,Krisha Genicke,25599912-2,132246557-86,M,13/10/2412,21/05/1919,Montenegrin,30498-454,Emmet,Crossing,Pleiku,,5,Universal 3rd generation algorithm,69-8338-1662,17-49718-7623,kgenicke16@google.de
44,Gannon Gantz,48767352-4,367762453-77,M,19/07/2199,01/03/2092,Lithuanian,10283-813,Vahlen,Way,Lengkongsari,,60389,Extended optimizing moratorium,58-2474-1692,85-50377-2496,ggantz17@tmall.com
45,Ambur Kettlestringe,58917259-7,460700287-18,F,01/11/1968,05/05/2589,Assamese,27802-499,Burning Wood,Avenue,Xinfeng,,447,De-engineered actuating conglomeration,56-6025-4439,56-19129-3824,akettlestringe18@bandcamp.com
46,Eric Loddy,73707638-2,839677188-01,M,22/01/2909,29/12/2076,Amharic,51518-308,Weeping Birch,Place,Vĩnh Thuận,,946,Horizontal asymmetric framework,92-7514-4721,62-90180-0646,eloddy19@nymag.com
47,Karel Lantiffe,19683759-5,493416352-36,M,07/02/2230,16/09/2788,Arabic,05436-781,Arapahoe,Circle,Sheshan,,6779,Public-key zero administration data-warehouse,32-1593-3608,34-40086-8302,klantiffe1a@oracle.com
48,Abramo Thonger,24597907-3,195470212-14,M,25/04/2792,03/03/2272,German,82526-880,Hansons,Trail,Perjuangan,,369,Organic static policy,63-8139-9406,88-64091-6690,athonger1b@wikimedia.org
49,Latashia Saiz,84916229-3,264956859-48,F,22/04/1969,25/07/2124,Mongolian,15232-292,International,Hill,Constanza,,03,Front-line intermediate capability,23-3794-5598,98-22647-9468,lsaiz1c@twitpic.com
50,Antone Rosentholer,93863002-6,156272725-65,M,20/10/2848,18/08/2460,Hungarian,89792-741,Hoffman,Place,Duut,,84,Multi-lateral incremental capability,12-0681-7392,17-00961-8895,arosentholer1d@ocn.ne.jp
